customer_id,age,tenure_months,monthly_charge,purchases_per_month,support_calls,plan,churn,_is_outlier
C1000,25.0,7,102.63,3.0,2,premium,1,False
C1001,64.0,55,109.62,1.0,0,basic,0,False
C1002,45.0,47,34.02,6.0,0,basic,0,False
C1003,70.0,32,75.4,5.0,3,basic,0,False
C1004,42.0,31,30.86,3.0,2,basic,0,False
C1005,45.0,61,87.22,2.0,1,basic,0,False
C1006,52.0,7,48.12,5.0,2,standard,1,False
C1007,70.0,50,85.94,2.0,2,basic,0,False
C1008,45.0,15,92.7,4.0,1,premium,0,False
C1009,19.0,7,96.86,6.0,1,premium,0,False
C1010,35.0,38,30.77,7.0,0,standard,0,False
C1011,70.0,70,111.6,4.0,1,standard,0,False
C1012,47.0,53,43.02,2.0,0,standard,0,False
C1013,72.0,55,23.74,2.0,1,premium,0,False
C1014,47.0,51,75.49,2.0,2,basic,0,False
C1015,18.0,56,57.09,5.0,4,basic,1,True
C1016,67.0,37,102.98,7.0,1,standard,0,False
C1017,61.0,10,100.83,1.0,4,standard,1,True
C1018,58.0,60,51.71,2.0,2,basic,0,False
C1019,73.0,32,115.29,6.0,0,standard,0,False
C1020,29.0,36,49.09,2.0,2,basic,1,False
C1021,69.0,27,71.51,4.0,0,premium,0,False
C1022,31.0,13,45.6,2.0,2,basic,1,False
C1023,45.0,66,113.6,4.0,4,basic,1,True
C1024,28.0,56,36.46,6.0,2,basic,0,False
C1025,49.0,46,24.49,6.0,1,basic,0,False
C1026,62.0,29,63.51,7.0,2,basic,0,False
C1027,22.0,59,119.24,4.0,1,basic,0,False
C1028,21.0,39,109.17,1.0,3,basic,1,False
C1029,66.0,32,94.86,4.0,1,basic,0,False
C1030,21.0,32,109.08,8.0,3,basic,0,False
C1031,52.0,17,109.34,6.0,0,basic,0,False
C1032,71.0,7,71.89,7.0,0,basic,0,False
C1033,53.0,40,51.59,2.0,0,basic,1,False
C1034,45.0,64,97.2,5.0,2,basic,0,False
C1035,41.0,5,86.17,4.0,1,basic,1,False
C1036,54.0,61,57.37,1.0,2,basic,1,False
C1037,50.0,59,29.45,7.0,2,standard,0,False
C1038,46.0,20,94.68,3.0,3,premium,1,False
C1039,26.0,45,46.25,2.0,4,premium,1,True
C1040,55.0,12,113.68,5.0,2,standard,0,False
C1041,60.0,54,44.1,4.0,3,standard,0,False
C1042,58.0,50,32.28,2.0,0,basic,0,False
C1043,22.0,26,103.11,6.0,4,standard,1,True
C1044,58.0,5,35.33,7.0,1,standard,0,False
C1045,59.0,69,37.93,2.0,0,premium,0,False
C1046,28.0,32,79.94,0.0,1,premium,1,False
C1047,66.0,64,107.46,6.0,0,basic,0,False
C1048,47.0,49,39.64,4.0,1,standard,0,False
C1049,44.0,56,51.03,5.0,0,premium,0,False
C1050,59.0,54,97.74,3.0,0,basic,0,False
C1051,47.0,14,117.18,10.0,1,premium,0,True
C1052,49.0,26,70.07,5.0,2,basic,0,False
C1053,35.0,34,34.39,2.0,5,premium,1,True
C1054,70.0,36,21.39,1.0,1,standard,0,False
C1055,73.0,4,42.97,2.0,3,basic,1,False
C1056,25.0,39,33.18,1.0,0,standard,0,False
C1057,45.0,11,87.77,2.0,2,basic,1,False
C1058,19.0,53,32.18,3.0,1,standard,0,False
C1059,39.0,49,70.63,1.0,1,standard,0,False
C1060,73.0,66,89.43,2.0,1,standard,1,False
C1061,27.0,53,78.11,6.0,1,premium,0,False
C1062,39.0,27,39.98,4.0,2,basic,1,False
C1063,30.0,69,100.41,2.0,2,basic,0,False
C1064,59.0,30,91.54,3.0,0,basic,0,False
C1065,44.0,24,93.9,2.0,1,basic,0,False
C1066,51.0,65,33.11,1.0,0,basic,0,False
C1067,71.0,27,32.38,2.0,3,basic,1,False
C1068,47.0,6,112.76,3.0,2,basic,1,False
C1069,59.0,34,59.76,5.0,0,basic,0,False
C1070,23.0,57,50.09,8.0,2,premium,0,False
C1071,30.0,14,68.86,3.0,3,basic,1,False
C1072,71.0,33,86.29,1.0,3,premium,1,False
C1073,66.0,10,115.56,1.0,1,basic,1,False
C1074,55.0,49,48.64,6.0,1,basic,0,False
C1075,45.0,34,112.48,2.0,0,standard,0,False
C1076,29.0,24,22.49,2.0,0,basic,0,False
C1077,66.0,17,75.52,0.0,1,basic,1,False
C1078,62.0,41,83.4,7.0,0,standard,0,False
C1079,31.0,48,30.59,2.0,1,basic,0,False
C1080,51.0,67,34.03,2.0,3,basic,0,False
C1081,53.0,32,61.91,5.0,2,standard,0,False
C1082,45.0,12,116.62,7.0,3,basic,1,False
C1083,70.0,60,79.6,0.0,3,premium,1,False
C1084,25.0,45,113.3,3.0,0,basic,0,False
C1085,32.0,50,100.44,5.0,1,premium,0,False
C1086,23.0,7,66.74,4.0,2,standard,1,False
C1087,57.0,23,98.48,8.0,3,premium,0,False
C1088,54.0,55,21.78,4.0,1,premium,0,False
C1089,74.0,60,30.91,1.0,5,basic,1,True
C1090,48.0,31,102.94,4.0,3,standard,0,False
C1091,26.0,58,99.68,5.0,1,basic,0,False
C1092,43.0,60,43.26,3.0,1,premium,0,False
C1093,23.0,28,73.08,4.0,3,standard,1,False
C1094,56.0,64,80.6,4.0,1,basic,0,False
C1095,56.0,21,106.77,3.0,0,premium,1,False
C1096,66.0,18,80.31,4.0,1,basic,0,False
C1097,37.0,49,61.26,8.0,4,standard,0,True
C1098,35.0,46,57.42,3.0,6,standard,1,True
C1099,22.0,10,62.59,4.0,4,basic,1,True
C1100,41.0,60,85.19,4.0,1,standard,0,False
C1101,45.0,15,106.75,4.0,1,premium,0,False
C1102,61.0,58,65.39,3.0,1,basic,0,False
C1103,60.0,1,44.78,3.0,1,standard,0,False
C1104,45.0,57,43.67,6.0,2,basic,0,False
C1105,34.0,56,94.6,2.0,2,standard,0,False
C1106,47.0,56,101.66,8.0,1,basic,0,False
C1107,37.0,48,30.53,4.0,2,premium,0,False
C1108,19.0,34,26.66,3.0,3,premium,0,False
C1109,66.0,51,79.44,4.0,2,basic,0,False
C1110,59.0,20,34.62,6.0,1,basic,0,False
C1111,47.0,56,102.47,3.0,1,standard,0,False
C1112,36.0,40,51.03,7.0,1,standard,0,False
C1113,66.0,33,34.39,1.0,2,basic,1,False
C1114,20.0,36,112.1,2.0,3,basic,0,False
C1115,43.0,41,36.55,2.0,1,basic,0,False
C1116,63.0,3,48.47,6.0,3,premium,1,False
C1117,72.0,10,35.36,4.0,3,basic,0,False
C1118,32.0,18,31.55,3.0,1,premium,0,False
C1119,55.0,9,22.11,8.0,0,basic,0,False
C1120,28.0,32,25.54,7.0,2,premium,0,False
C1121,24.0,48,37.46,3.0,1,basic,0,False
C1122,38.0,47,25.34,3.0,1,basic,0,False
C1123,68.0,34,79.11,4.0,2,premium,0,False
C1124,57.0,61,88.07,3.0,3,premium,1,False
C1125,45.0,41,59.36,5.0,1,basic,0,False
C1126,34.0,6,51.8,6.0,2,basic,0,False
C1127,26.0,55,70.45,1.0,2,basic,1,False
C1128,33.0,41,107.5,7.0,1,basic,0,False
C1129,26.0,46,105.11,6.0,1,basic,0,False
C1130,28.0,41,24.35,4.0,1,premium,0,False
C1131,57.0,40,38.15,3.0,2,basic,0,False
C1132,25.0,7,43.67,4.0,0,standard,0,False
C1133,45.0,40,44.94,4.0,1,basic,0,False
C1134,48.0,57,77.12,3.0,2,basic,0,False
C1135,34.0,22,61.63,4.0,0,standard,0,False
C1136,43.0,43,24.93,4.0,0,basic,0,False
C1137,25.0,3,57.36,2.0,1,standard,0,False
C1138,29.0,25,72.38,8.0,1,basic,0,False
C1139,45.0,32,30.17,5.0,1,premium,1,False
C1140,57.0,70,103.35,6.0,5,standard,1,True
C1141,41.0,16,25.2,6.0,2,premium,1,False
C1142,48.0,20,112.48,2.0,1,basic,1,False
C1143,47.0,30,29.91,1.0,5,basic,1,True
C1144,33.0,71,104.36,2.0,2,basic,0,False
C1145,33.0,61,110.27,3.0,2,standard,0,False
C1146,42.0,3,117.96,5.0,1,basic,0,False
C1147,19.0,17,100.2,6.0,0,basic,0,False
C1148,57.0,59,97.95,3.0,0,basic,0,False
C1149,53.0,5,84.25,4.0,0,basic,1,False
C1150,35.0,61,97.9,4.0,2,basic,0,False
C1151,39.0,20,33.46,6.0,4,basic,1,True
C1152,36.0,66,73.61,4.0,1,basic,0,False
C1153,55.0,21,71.42,3.0,5,standard,1,True
C1154,61.0,31,105.76,2.0,4,basic,1,True
C1155,24.0,47,66.28,5.0,1,basic,0,False
C1156,41.0,9,58.51,4.0,1,standard,1,False
C1157,18.0,40,83.96,1.0,1,standard,1,False
C1158,43.0,36,46.65,5.0,0,basic,0,False
C1159,32.0,56,33.98,3.0,0,standard,0,False
C1160,37.0,71,67.79,3.0,2,premium,0,False
C1161,44.0,48,61.69,2.0,0,standard,0,False
C1162,36.0,30,43.26,3.0,1,premium,0,False
C1163,40.0,29,56.75,2.0,3,standard,1,False
C1164,61.0,30,56.64,5.0,1,basic,0,False
C1165,64.0,58,52.75,1.0,4,basic,1,True
C1166,18.0,23,57.95,7.0,2,standard,0,False
C1167,39.0,12,88.57,5.0,1,premium,0,False
C1168,66.0,24,49.69,7.0,4,basic,0,True
C1169,48.0,2,114.89,2.0,1,basic,1,False
C1170,29.0,8,111.63,7.0,2,standard,0,False
C1171,51.0,7,68.09,4.0,1,basic,1,False
C1172,26.0,55,52.84,4.0,1,standard,0,False
C1173,19.0,52,73.54,1.0,0,standard,0,False
C1174,54.0,50,104.86,5.0,2,standard,0,False
C1175,47.0,33,85.26,4.0,2,premium,0,False
C1176,61.0,51,100.44,4.0,3,standard,0,False
C1177,37.0,12,73.27,2.0,2,standard,1,False
C1178,66.0,64,83.29,2.0,1,standard,1,False
C1179,42.0,36,48.82,2.0,0,premium,0,False
C1180,60.0,67,93.49,5.0,1,premium,0,False
C1181,23.0,11,40.24,7.0,2,basic,0,False
C1182,23.0,36,89.48,4.0,0,standard,0,False
C1183,62.0,50,106.07,6.0,2,basic,0,False
C1184,65.0,36,33.21,4.0,1,premium,1,False
C1185,71.0,32,81.44,2.0,0,standard,0,False
C1186,36.0,12,29.51,4.0,1,basic,1,False
C1187,19.0,28,92.57,2.0,1,basic,0,False
C1188,73.0,17,28.45,2.0,0,basic,0,False
C1189,52.0,22,113.59,2.0,0,standard,0,False
C1190,32.0,49,33.74,5.0,1,basic,0,False
C1191,61.0,45,115.89,4.0,1,basic,0,False
C1192,69.0,44,100.09,4.0,0,premium,0,False
C1193,34.0,26,79.37,2.0,1,standard,0,False
C1194,61.0,69,98.26,3.0,0,basic,0,False
C1195,62.0,7,99.51,5.0,0,basic,0,False
C1196,46.0,25,114.6,3.0,4,premium,1,True
C1197,54.0,9,45.34,3.0,1,standard,1,False
C1198,33.0,25,79.01,9.0,2,standard,0,False
C1199,70.0,69,29.5,7.0,1,basic,0,False
C1200,74.0,27,81.62,1.0,4,basic,1,True
C1201,73.0,65,37.13,4.0,3,basic,1,False
C1202,60.0,36,76.5,3.0,2,standard,1,False
C1203,20.0,50,77.24,4.0,0,basic,0,False
C1204,38.0,33,66.6,1.0,1,basic,1,False
C1205,43.0,19,72.26,5.0,0,standard,0,False
C1206,72.0,55,96.39,5.0,2,premium,0,False
C1207,49.0,69,99.92,5.0,0,standard,0,False
C1208,48.0,19,69.22,4.0,1,basic,1,False
C1209,26.0,56,79.96,4.0,3,basic,0,False
C1210,63.0,19,113.12,3.0,2,basic,0,False
C1211,37.0,51,31.97,5.0,3,basic,0,False
C1212,23.0,57,31.71,3.0,1,standard,0,False
C1213,74.0,32,28.77,4.0,1,basic,0,False
C1214,28.0,53,85.79,8.0,1,standard,0,False
C1215,18.0,20,61.86,7.0,1,premium,0,False
C1216,22.0,6,97.43,3.0,1,premium,1,False
C1217,43.0,7,87.12,4.0,3,basic,1,False
C1218,23.0,32,53.36,3.0,0,basic,0,False
C1219,66.0,65,109.84,5.0,1,basic,0,False
C1220,47.0,10,96.25,3.0,2,basic,1,False
C1221,36.0,33,47.05,3.0,0,basic,0,False
C1222,18.0,50,56.42,7.0,0,basic,0,False
C1223,45.0,15,51.44,3.0,2,standard,1,False
C1224,26.0,52,35.76,3.0,1,basic,0,False
C1225,73.0,22,34.78,3.0,1,premium,1,False
C1226,34.0,58,113.61,11.0,1,basic,0,True
C1227,45.0,42,63.79,0.0,1,basic,1,False
C1228,19.0,39,58.33,6.0,0,basic,0,False
C1229,25.0,13,92.97,7.0,2,basic,0,False
C1230,29.0,33,75.3,5.0,4,basic,0,True
C1231,20.0,61,113.61,2.0,3,premium,0,False
C1232,45.0,2,98.03,5.0,0,basic,0,False
C1233,71.0,54,67.94,4.0,1,basic,0,False
C1234,74.0,35,57.64,3.0,1,standard,0,False
C1235,45.0,52,118.66,5.0,1,basic,0,False
C1236,62.0,48,91.78,2.0,3,standard,1,False
C1237,46.0,31,115.12,3.0,2,basic,0,False
C1238,20.0,22,31.85,4.0,1,premium,0,False
C1239,23.0,45,105.05,3.0,1,basic,0,False
C1240,49.0,10,83.71,7.0,2,basic,1,False
C1241,42.0,42,32.19,4.0,1,standard,0,False
C1242,18.0,7,78.83,2.0,2,premium,1,False
C1243,71.0,47,88.61,6.0,0,basic,0,False
C1244,59.0,45,21.23,3.0,1,standard,0,False
C1245,46.0,6,65.43,3.0,3,basic,1,False
C1246,74.0,54,102.54,3.0,2,basic,0,False
C1247,73.0,30,49.54,4.0,1,basic,0,False
C1248,73.0,56,65.85,4.0,2,standard,0,False
C1249,32.0,3,64.23,9.0,1,basic,0,False
C1250,68.0,13,50.19,2.0,0,standard,0,False
C1251,46.0,36,111.84,6.0,2,basic,0,False
C1252,59.0,14,98.13,8.0,2,premium,0,False
C1253,66.0,24,31.06,4.0,1,premium,0,False
C1254,27.0,47,119.7,7.0,3,basic,0,False
C1255,43.0,11,107.92,4.0,0,basic,0,False
C1256,25.0,49,48.39,4.0,2,basic,0,False
C1257,33.0,8,103.69,2.0,4,premium,1,True
C1258,41.0,13,30.64,3.0,2,basic,1,False
C1259,66.0,42,119.91,5.0,1,standard,0,False
C1260,67.0,57,86.57,3.0,3,basic,0,False
C1261,45.0,13,85.01,8.0,1,standard,0,False
C1262,36.0,22,29.04,6.0,0,basic,0,False
C1263,48.0,66,109.7,3.0,1,standard,0,False
C1264,69.0,71,22.9,1.0,1,premium,0,False
C1265,73.0,42,44.08,2.0,2,basic,0,False
C1266,30.0,32,34.3,6.0,1,premium,0,False
C1267,28.0,25,97.68,5.0,2,basic,0,False
C1268,58.0,44,39.82,3.0,5,basic,1,True
C1269,35.0,42,111.06,4.0,2,premium,0,False
C1270,29.0,21,85.63,5.0,0,standard,0,False
C1271,19.0,2,23.62,6.0,0,standard,0,False
C1272,40.0,11,20.54,4.0,3,basic,1,False
C1273,40.0,69,25.17,2.0,0,basic,0,False
C1274,50.0,30,80.59,6.0,3,basic,0,False
C1275,29.0,35,100.15,7.0,4,standard,0,True
C1276,58.0,34,43.86,7.0,0,basic,0,False
C1277,56.0,56,104.94,2.0,1,basic,0,False
C1278,44.0,5,25.72,3.0,0,basic,0,False
C1279,28.0,6,100.1,3.0,1,basic,0,False
C1280,46.0,20,112.78,5.0,4,basic,1,True
C1281,56.0,35,97.21,7.0,1,basic,0,False
C1282,39.0,48,89.81,8.0,2,premium,0,False
C1283,33.0,35,103.8,8.0,2,standard,0,False
C1284,46.0,32,24.02,5.0,1,basic,0,False
C1285,38.0,67,40.18,4.0,1,standard,0,False
C1286,40.0,12,32.49,3.0,1,premium,0,False
C1287,37.0,41,70.45,2.0,1,basic,0,False
C1288,35.0,39,94.52,3.0,1,basic,0,False
C1289,58.0,34,83.0,1.0,0,basic,0,False
C1290,44.0,58,105.11,1.0,1,basic,0,False
C1291,44.0,19,35.52,4.0,4,standard,1,True
C1292,55.0,68,93.46,3.0,0,premium,0,False
C1293,38.0,24,39.3,3.0,3,basic,0,False
C1294,23.0,39,47.08,6.0,2,standard,0,False
C1295,66.0,37,90.99,3.0,0,basic,0,False
C1296,21.0,61,118.02,2.0,1,standard,0,False
C1297,50.0,32,81.15,6.0,5,standard,1,True
C1298,33.0,21,25.45,3.0,0,basic,0,False
C1299,30.0,2,81.63,3.0,1,basic,0,False
